frame_id,png_path,frame_host_iso,h,w,log_host_iso,log_stm32_ts_us,log_text_utf8,host_dt_diff_ms,log_text_hex
1,C:\Users\28693\Desktop\udp\frames_png\frame_000001.png,48:05.3,120,188,,,,,
2,C:\Users\28693\Desktop\udp\frames_png\frame_000002.png,48:05.3,120,188,,,,,
3,C:\Users\28693\Desktop\udp\frames_png\frame_000003.png,48:05.4,120,188,,,,,
4,C:\Users\28693\Desktop\udp\frames_png\frame_000004.png,48:05.4,120,188,,,,,
5,C:\Users\28693\Desktop\udp\frames_png\frame_000005.png,48:05.5,120,188,,,,,
6,C:\Users\28693\Desktop\udp\frames_png\frame_000006.png,48:05.5,120,188,,,,,
7,C:\Users\28693\Desktop\udp\frames_png\frame_000007.png,48:05.5,120,188,,,,,
8,C:\Users\28693\Desktop\udp\frames_png\frame_000008.png,48:05.6,120,188,,,,,
9,C:\Users\28693\Desktop\udp\frames_png\frame_000009.png,48:05.6,120,188,,,,,
10,C:\Users\28693\Desktop\udp\frames_png\frame_000010.png,48:05.6,120,188,,,,,
11,C:\Users\28693\Desktop\udp\frames_png\frame_000011.png,48:05.7,120,188,,,,,
12,C:\Users\28693\Desktop\udp\frames_png\frame_000012.png,48:05.7,120,188,,,,,
13,C:\Users\28693\Desktop\udp\frames_png\frame_000013.png,48:05.7,120,188,,,,,
14,C:\Users\28693\Desktop\udp\frames_png\frame_000014.png,48:05.8,120,188,,,,,
15,C:\Users\28693\Desktop\udp\frames_png\frame_000015.png,48:05.8,120,188,,,,,
16,C:\Users\28693\Desktop\udp\frames_png\frame_000016.png,48:05.9,120,188,,,,,
17,C:\Users\28693\Desktop\udp\frames_png\frame_000017.png,48:05.9,120,188,,,,,
18,C:\Users\28693\Desktop\udp\frames_png\frame_000018.png,48:05.9,120,188,,,,,
19,C:\Users\28693\Desktop\udp\frames_png\frame_000019.png,48:05.9,120,188,,,,,
20,C:\Users\28693\Desktop\udp\frames_png\frame_000020.png,48:06.0,120,188,,,,,
21,C:\Users\28693\Desktop\udp\frames_png\frame_000021.png,48:06.1,120,188,,,,,
22,C:\Users\28693\Desktop\udp\frames_png\frame_000022.png,48:06.1,120,188,,,,,
23,C:\Users\28693\Desktop\udp\frames_png\frame_000023.png,48:06.1,120,188,,,,,
24,C:\Users\28693\Desktop\udp\frames_png\frame_000024.png,48:06.2,120,188,,,,,
25,C:\Users\28693\Desktop\udp\frames_png\frame_000025.png,48:06.2,120,188,,,,,
26,C:\Users\28693\Desktop\udp\frames_png\frame_000026.png,48:06.3,120,188,,,,,
27,C:\Users\28693\Desktop\udp\frames_png\frame_000027.png,48:06.3,120,188,,,,,
28,C:\Users\28693\Desktop\udp\frames_png\frame_000028.png,48:06.3,120,188,,,,,
29,C:\Users\28693\Desktop\udp\frames_png\frame_000029.png,48:06.4,120,188,,,,,
30,C:\Users\28693\Desktop\udp\frames_png\frame_000030.png,48:06.4,120,188,,,,,
31,C:\Users\28693\Desktop\udp\frames_png\frame_000031.png,48:06.4,120,188,,,,,
32,C:\Users\28693\Desktop\udp\frames_png\frame_000032.png,48:06.5,120,188,,,,,
33,C:\Users\28693\Desktop\udp\frames_png\frame_000033.png,48:06.5,120,188,,,,,
34,C:\Users\28693\Desktop\udp\frames_png\frame_000034.png,48:06.5,120,188,,,,,
35,C:\Users\28693\Desktop\udp\frames_png\frame_000035.png,48:06.6,120,188,,,,,
36,C:\Users\28693\Desktop\udp\frames_png\frame_000036.png,48:06.6,120,188,,,,,
37,C:\Users\28693\Desktop\udp\frames_png\frame_000037.png,48:06.6,120,188,,,,,
38,C:\Users\28693\Desktop\udp\frames_png\frame_000038.png,48:06.7,120,188,,,,,
39,C:\Users\28693\Desktop\udp\frames_png\frame_000039.png,48:06.7,120,188,,,,,
40,C:\Users\28693\Desktop\udp\frames_png\frame_000040.png,48:06.7,120,188,,,,,
41,C:\Users\28693\Desktop\udp\frames_png\frame_000041.png,48:06.8,120,188,,,,,
42,C:\Users\28693\Desktop\udp\frames_png\frame_000042.png,48:06.8,120,188,,,,,
43,C:\Users\28693\Desktop\udp\frames_png\frame_000043.png,48:06.9,120,188,,,,,
44,C:\Users\28693\Desktop\udp\frames_png\frame_000044.png,48:06.9,120,188,,,,,
45,C:\Users\28693\Desktop\udp\frames_png\frame_000045.png,48:06.9,120,188,,,,,
46,C:\Users\28693\Desktop\udp\frames_png\frame_000046.png,48:07.0,120,188,,,,,
47,C:\Users\28693\Desktop\udp\frames_png\frame_000047.png,48:07.0,120,188,,,,,
48,C:\Users\28693\Desktop\udp\frames_png\frame_000048.png,48:07.0,120,188,,,,,
49,C:\Users\28693\Desktop\udp\frames_png\frame_000049.png,48:07.1,120,188,,,,,
50,C:\Users\28693\Desktop\udp\frames_png\frame_000050.png,48:07.1,120,188,,,,,
51,C:\Users\28693\Desktop\udp\frames_png\frame_000051.png,48:07.1,120,188,,,,,
52,C:\Users\28693\Desktop\udp\frames_png\frame_000052.png,48:07.2,120,188,,,,,
53,C:\Users\28693\Desktop\udp\frames_png\frame_000053.png,48:07.2,120,188,,,,,
54,C:\Users\28693\Desktop\udp\frames_png\frame_000054.png,48:07.2,120,188,,,,,
55,C:\Users\28693\Desktop\udp\frames_png\frame_000055.png,48:07.3,120,188,,,,,
56,C:\Users\28693\Desktop\udp\frames_png\frame_000056.png,48:07.3,120,188,,,,,
57,C:\Users\28693\Desktop\udp\frames_png\frame_000057.png,48:07.3,120,188,,,,,
58,C:\Users\28693\Desktop\udp\frames_png\frame_000058.png,48:07.4,120,188,,,,,
59,C:\Users\28693\Desktop\udp\frames_png\frame_000059.png,48:07.4,120,188,,,,,
60,C:\Users\28693\Desktop\udp\frames_png\frame_000060.png,48:07.4,120,188,,,,,
61,C:\Users\28693\Desktop\udp\frames_png\frame_000061.png,48:07.5,120,188,,,,,
62,C:\Users\28693\Desktop\udp\frames_png\frame_000062.png,48:07.5,120,188,,,,,
63,C:\Users\28693\Desktop\udp\frames_png\frame_000063.png,48:07.6,120,188,,,,,
64,C:\Users\28693\Desktop\udp\frames_png\frame_000064.png,48:07.6,120,188,,,,,
65,C:\Users\28693\Desktop\udp\frames_png\frame_000065.png,48:07.6,120,188,,,,,
66,C:\Users\28693\Desktop\udp\frames_png\frame_000066.png,48:07.7,120,188,,,,,
67,C:\Users\28693\Desktop\udp\frames_png\frame_000067.png,48:07.7,120,188,,,,,
68,C:\Users\28693\Desktop\udp\frames_png\frame_000068.png,48:07.7,120,188,,,,,
69,C:\Users\28693\Desktop\udp\frames_png\frame_000069.png,48:07.8,120,188,,,,,
70,C:\Users\28693\Desktop\udp\frames_png\frame_000070.png,48:07.8,120,188,,,,,
71,C:\Users\28693\Desktop\udp\frames_png\frame_000071.png,48:07.8,120,188,,,,,
72,C:\Users\28693\Desktop\udp\frames_png\frame_000072.png,48:07.9,120,188,,,,,
73,C:\Users\28693\Desktop\udp\frames_png\frame_000073.png,48:07.9,120,188,,,,,
74,C:\Users\28693\Desktop\udp\frames_png\frame_000074.png,48:07.9,120,188,,,,,
75,C:\Users\28693\Desktop\udp\frames_png\frame_000075.png,48:08.0,120,188,,,,,
76,C:\Users\28693\Desktop\udp\frames_png\frame_000076.png,48:08.0,120,188,,,,,
77,C:\Users\28693\Desktop\udp\frames_png\frame_000077.png,48:08.0,120,188,,,,,
78,C:\Users\28693\Desktop\udp\frames_png\frame_000078.png,48:08.1,120,188,,,,,
79,C:\Users\28693\Desktop\udp\frames_png\frame_000079.png,48:08.1,120,188,,,,,
80,C:\Users\28693\Desktop\udp\frames_png\frame_000080.png,48:08.2,120,188,,,,,
81,C:\Users\28693\Desktop\udp\frames_png\frame_000081.png,48:08.2,120,188,,,,,
82,C:\Users\28693\Desktop\udp\frames_png\frame_000082.png,48:08.2,120,188,,,,,
83,C:\Users\28693\Desktop\udp\frames_png\frame_000083.png,48:08.3,120,188,,,,,
84,C:\Users\28693\Desktop\udp\frames_png\frame_000084.png,48:08.3,120,188,,,,,
85,C:\Users\28693\Desktop\udp\frames_png\frame_000085.png,48:08.3,120,188,,,,,
86,C:\Users\28693\Desktop\udp\frames_png\frame_000086.png,48:08.4,120,188,,,,,
87,C:\Users\28693\Desktop\udp\frames_png\frame_000087.png,48:08.4,120,188,,,,,
88,C:\Users\28693\Desktop\udp\frames_png\frame_000088.png,48:08.4,120,188,,,,,
89,C:\Users\28693\Desktop\udp\frames_png\frame_000089.png,48:08.5,120,188,,,,,
90,C:\Users\28693\Desktop\udp\frames_png\frame_000090.png,48:08.5,120,188,,,,,
91,C:\Users\28693\Desktop\udp\frames_png\frame_000091.png,48:08.5,120,188,,,,,
92,C:\Users\28693\Desktop\udp\frames_png\frame_000092.png,48:08.6,120,188,,,,,
93,C:\Users\28693\Desktop\udp\frames_png\frame_000093.png,48:08.6,120,188,,,,,
94,C:\Users\28693\Desktop\udp\frames_png\frame_000094.png,48:08.7,120,188,,,,,
95,C:\Users\28693\Desktop\udp\frames_png\frame_000095.png,48:08.7,120,188,,,,,
96,C:\Users\28693\Desktop\udp\frames_png\frame_000096.png,48:08.7,120,188,,,,,
97,C:\Users\28693\Desktop\udp\frames_png\frame_000097.png,48:08.8,120,188,,,,,
98,C:\Users\28693\Desktop\udp\frames_png\frame_000098.png,48:08.8,120,188,,,,,
99,C:\Users\28693\Desktop\udp\frames_png\frame_000099.png,48:08.8,120,188,,,,,
100,C:\Users\28693\Desktop\udp\frames_png\frame_000100.png,48:08.9,120,188,,,,,
101,C:\Users\28693\Desktop\udp\frames_png\frame_000101.png,48:08.9,120,188,,,,,
102,C:\Users\28693\Desktop\udp\frames_png\frame_000102.png,48:08.9,120,188,,,,,
103,C:\Users\28693\Desktop\udp\frames_png\frame_000103.png,48:09.0,120,188,,,,,
104,C:\Users\28693\Desktop\udp\frames_png\frame_000104.png,48:09.0,120,188,,,,,
105,C:\Users\28693\Desktop\udp\frames_png\frame_000105.png,48:09.1,120,188,,,,,
106,C:\Users\28693\Desktop\udp\frames_png\frame_000106.png,48:09.1,120,188,,,,,
107,C:\Users\28693\Desktop\udp\frames_png\frame_000107.png,48:09.1,120,188,,,,,
108,C:\Users\28693\Desktop\udp\frames_png\frame_000108.png,48:09.2,120,188,,,,,
109,C:\Users\28693\Desktop\udp\frames_png\frame_000109.png,48:09.2,120,188,,,,,
110,C:\Users\28693\Desktop\udp\frames_png\frame_000110.png,48:09.2,120,188,,,,,
111,C:\Users\28693\Desktop\udp\frames_png\frame_000111.png,48:09.3,120,188,,,,,
112,C:\Users\28693\Desktop\udp\frames_png\frame_000112.png,48:09.3,120,188,,,,,
113,C:\Users\28693\Desktop\udp\frames_png\frame_000113.png,48:09.3,120,188,,,,,
114,C:\Users\28693\Desktop\udp\frames_png\frame_000114.png,48:09.4,120,188,,,,,
115,C:\Users\28693\Desktop\udp\frames_png\frame_000115.png,48:09.4,120,188,,,,,
116,C:\Users\28693\Desktop\udp\frames_png\frame_000116.png,48:09.4,120,188,,,,,
117,C:\Users\28693\Desktop\udp\frames_png\frame_000117.png,48:09.5,120,188,,,,,
118,C:\Users\28693\Desktop\udp\frames_png\frame_000118.png,48:09.5,120,188,,,,,
119,C:\Users\28693\Desktop\udp\frames_png\frame_000119.png,48:09.5,120,188,,,,,
120,C:\Users\28693\Desktop\udp\frames_png\frame_000120.png,48:09.6,120,188,,,,,
121,C:\Users\28693\Desktop\udp\frames_png\frame_000121.png,48:09.6,120,188,,,,,
122,C:\Users\28693\Desktop\udp\frames_png\frame_000122.png,48:09.7,120,188,,,,,
123,C:\Users\28693\Desktop\udp\frames_png\frame_000123.png,48:09.7,120,188,,,,,
124,C:\Users\28693\Desktop\udp\frames_png\frame_000124.png,48:09.7,120,188,,,,,
125,C:\Users\28693\Desktop\udp\frames_png\frame_000125.png,48:09.8,120,188,,,,,
126,C:\Users\28693\Desktop\udp\frames_png\frame_000126.png,48:09.8,120,188,,,,,
127,C:\Users\28693\Desktop\udp\frames_png\frame_000127.png,48:09.8,120,188,,,,,
128,C:\Users\28693\Desktop\udp\frames_png\frame_000128.png,48:09.9,120,188,,,,,
129,C:\Users\28693\Desktop\udp\frames_png\frame_000129.png,48:09.9,120,188,,,,,
130,C:\Users\28693\Desktop\udp\frames_png\frame_000130.png,48:10.0,120,188,,,,,
131,C:\Users\28693\Desktop\udp\frames_png\frame_000131.png,48:10.0,120,188,,,,,
132,C:\Users\28693\Desktop\udp\frames_png\frame_000132.png,48:10.1,120,188,,,,,
133,C:\Users\28693\Desktop\udp\frames_png\frame_000133.png,48:10.1,120,188,,,,,
134,C:\Users\28693\Desktop\udp\frames_png\frame_000134.png,48:10.1,120,188,,,,,
135,C:\Users\28693\Desktop\udp\frames_png\frame_000135.png,48:10.1,120,188,,,,,
136,C:\Users\28693\Desktop\udp\frames_png\frame_000136.png,48:10.2,120,188,,,,,
137,C:\Users\28693\Desktop\udp\frames_png\frame_000137.png,48:10.2,120,188,,,,,
138,C:\Users\28693\Desktop\udp\frames_png\frame_000138.png,48:10.3,120,188,,,,,
139,C:\Users\28693\Desktop\udp\frames_png\frame_000139.png,48:10.3,120,188,,,,,
140,C:\Users\28693\Desktop\udp\frames_png\frame_000140.png,48:10.3,120,188,,,,,
141,C:\Users\28693\Desktop\udp\frames_png\frame_000141.png,48:10.3,120,188,,,,,
142,C:\Users\28693\Desktop\udp\frames_png\frame_000142.png,48:10.4,120,188,,,,,
143,C:\Users\28693\Desktop\udp\frames_png\frame_000143.png,48:10.4,120,188,,,,,
144,C:\Users\28693\Desktop\udp\frames_png\frame_000144.png,48:10.5,120,188,,,,,
145,C:\Users\28693\Desktop\udp\frames_png\frame_000145.png,48:10.5,120,188,,,,,
146,C:\Users\28693\Desktop\udp\frames_png\frame_000146.png,48:10.6,120,188,,,,,
147,C:\Users\28693\Desktop\udp\frames_png\frame_000147.png,48:10.6,120,188,,,,,
148,C:\Users\28693\Desktop\udp\frames_png\frame_000148.png,48:10.6,120,188,,,,,
149,C:\Users\28693\Desktop\udp\frames_png\frame_000149.png,48:10.7,120,188,,,,,
150,C:\Users\28693\Desktop\udp\frames_png\frame_000150.png,48:10.7,120,188,,,,,
151,C:\Users\28693\Desktop\udp\frames_png\frame_000151.png,48:10.8,120,188,,,,,
152,C:\Users\28693\Desktop\udp\frames_png\frame_000152.png,48:10.8,120,188,,,,,
153,C:\Users\28693\Desktop\udp\frames_png\frame_000153.png,48:10.8,120,188,,,,,
154,C:\Users\28693\Desktop\udp\frames_png\frame_000154.png,48:10.9,120,188,,,,,
155,C:\Users\28693\Desktop\udp\frames_png\frame_000155.png,48:10.9,120,188,,,,,
156,C:\Users\28693\Desktop\udp\frames_png\frame_000156.png,48:10.9,120,188,,,,,
157,C:\Users\28693\Desktop\udp\frames_png\frame_000157.png,48:11.0,120,188,,,,,
158,C:\Users\28693\Desktop\udp\frames_png\frame_000158.png,48:11.0,120,188,,,,,
159,C:\Users\28693\Desktop\udp\frames_png\frame_000159.png,48:11.0,120,188,,,,,
160,C:\Users\28693\Desktop\udp\frames_png\frame_000160.png,48:11.1,120,188,,,,,
161,C:\Users\28693\Desktop\udp\frames_png\frame_000161.png,48:11.1,120,188,,,,,
162,C:\Users\28693\Desktop\udp\frames_png\frame_000162.png,48:11.1,120,188,,,,,
163,C:\Users\28693\Desktop\udp\frames_png\frame_000163.png,48:11.2,120,188,,,,,
164,C:\Users\28693\Desktop\udp\frames_png\frame_000164.png,48:11.2,120,188,,,,,
165,C:\Users\28693\Desktop\udp\frames_png\frame_000165.png,48:11.2,120,188,,,,,
166,C:\Users\28693\Desktop\udp\frames_png\frame_000166.png,48:11.3,120,188,,,,,
167,C:\Users\28693\Desktop\udp\frames_png\frame_000167.png,48:11.3,120,188,,,,,
168,C:\Users\28693\Desktop\udp\frames_png\frame_000168.png,48:11.3,120,188,,,,,
169,C:\Users\28693\Desktop\udp\frames_png\frame_000169.png,48:11.4,120,188,,,,,
170,C:\Users\28693\Desktop\udp\frames_png\frame_000170.png,48:11.4,120,188,,,,,
171,C:\Users\28693\Desktop\udp\frames_png\frame_000171.png,48:11.5,120,188,,,,,
172,C:\Users\28693\Desktop\udp\frames_png\frame_000172.png,48:11.5,120,188,,,,,
173,C:\Users\28693\Desktop\udp\frames_png\frame_000173.png,48:11.5,120,188,,,,,
174,C:\Users\28693\Desktop\udp\frames_png\frame_000174.png,48:11.6,120,188,,,,,
175,C:\Users\28693\Desktop\udp\frames_png\frame_000175.png,48:11.6,120,188,,,,,
176,C:\Users\28693\Desktop\udp\frames_png\frame_000176.png,48:11.6,120,188,,,,,
177,C:\Users\28693\Desktop\udp\frames_png\frame_000177.png,48:11.7,120,188,,,,,
178,C:\Users\28693\Desktop\udp\frames_png\frame_000178.png,48:11.7,120,188,,,,,
179,C:\Users\28693\Desktop\udp\frames_png\frame_000179.png,48:11.7,120,188,,,,,
180,C:\Users\28693\Desktop\udp\frames_png\frame_000180.png,48:11.8,120,188,,,,,
181,C:\Users\28693\Desktop\udp\frames_png\frame_000181.png,48:11.8,120,188,,,,,
182,C:\Users\28693\Desktop\udp\frames_png\frame_000182.png,48:11.8,120,188,,,,,
183,C:\Users\28693\Desktop\udp\frames_png\frame_000183.png,48:11.9,120,188,,,,,
184,C:\Users\28693\Desktop\udp\frames_png\frame_000184.png,48:11.9,120,188,,,,,
185,C:\Users\28693\Desktop\udp\frames_png\frame_000185.png,48:11.9,120,188,,,,,
186,C:\Users\28693\Desktop\udp\frames_png\frame_000186.png,48:12.0,120,188,,,,,
187,C:\Users\28693\Desktop\udp\frames_png\frame_000187.png,48:12.0,120,188,,,,,
188,C:\Users\28693\Desktop\udp\frames_png\frame_000188.png,48:12.1,120,188,,,,,
189,C:\Users\28693\Desktop\udp\frames_png\frame_000189.png,48:12.1,120,188,,,,,
190,C:\Users\28693\Desktop\udp\frames_png\frame_000190.png,48:12.1,120,188,,,,,
191,C:\Users\28693\Desktop\udp\frames_png\frame_000191.png,48:12.2,120,188,,,,,
192,C:\Users\28693\Desktop\udp\frames_png\frame_000192.png,48:12.2,120,188,,,,,
193,C:\Users\28693\Desktop\udp\frames_png\frame_000193.png,48:12.2,120,188,,,,,
194,C:\Users\28693\Desktop\udp\frames_png\frame_000194.png,48:12.3,120,188,,,,,
195,C:\Users\28693\Desktop\udp\frames_png\frame_000195.png,48:12.3,120,188,,,,,
196,C:\Users\28693\Desktop\udp\frames_png\frame_000196.png,48:12.3,120,188,,,,,
197,C:\Users\28693\Desktop\udp\frames_png\frame_000197.png,48:12.4,120,188,,,,,
198,C:\Users\28693\Desktop\udp\frames_png\frame_000198.png,48:12.4,120,188,,,,,
199,C:\Users\28693\Desktop\udp\frames_png\frame_000199.png,48:12.4,120,188,,,,,
200,C:\Users\28693\Desktop\udp\frames_png\frame_000200.png,48:12.5,120,188,,,,,
201,C:\Users\28693\Desktop\udp\frames_png\frame_000201.png,48:12.5,120,188,,,,,
202,C:\Users\28693\Desktop\udp\frames_png\frame_000202.png,48:12.5,120,188,,,,,
203,C:\Users\28693\Desktop\udp\frames_png\frame_000203.png,48:12.6,120,188,,,,,
204,C:\Users\28693\Desktop\udp\frames_png\frame_000204.png,48:12.6,120,188,,,,,
205,C:\Users\28693\Desktop\udp\frames_png\frame_000205.png,48:12.6,120,188,,,,,
206,C:\Users\28693\Desktop\udp\frames_png\frame_000206.png,48:12.7,120,188,,,,,
207,C:\Users\28693\Desktop\udp\frames_png\frame_000207.png,48:12.7,120,188,,,,,
208,C:\Users\28693\Desktop\udp\frames_png\frame_000208.png,48:12.8,120,188,,,,,
209,C:\Users\28693\Desktop\udp\frames_png\frame_000209.png,48:12.8,120,188,,,,,
210,C:\Users\28693\Desktop\udp\frames_png\frame_000210.png,48:12.8,120,188,,,,,
211,C:\Users\28693\Desktop\udp\frames_png\frame_000211.png,48:12.9,120,188,,,,,
212,C:\Users\28693\Desktop\udp\frames_png\frame_000212.png,48:12.9,120,188,,,,,
213,C:\Users\28693\Desktop\udp\frames_png\frame_000213.png,48:13.0,120,188,,,,,
214,C:\Users\28693\Desktop\udp\frames_png\frame_000214.png,48:13.0,120,188,,,,,
215,C:\Users\28693\Desktop\udp\frames_png\frame_000215.png,48:13.0,120,188,,,,,
216,C:\Users\28693\Desktop\udp\frames_png\frame_000216.png,48:13.1,120,188,,,,,
217,C:\Users\28693\Desktop\udp\frames_png\frame_000217.png,48:13.1,120,188,,,,,
218,C:\Users\28693\Desktop\udp\frames_png\frame_000218.png,48:13.1,120,188,,,,,
219,C:\Users\28693\Desktop\udp\frames_png\frame_000219.png,48:13.2,120,188,,,,,
220,C:\Users\28693\Desktop\udp\frames_png\frame_000220.png,48:13.2,120,188,,,,,
221,C:\Users\28693\Desktop\udp\frames_png\frame_000221.png,48:13.2,120,188,,,,,
222,C:\Users\28693\Desktop\udp\frames_png\frame_000222.png,48:13.3,120,188,,,,,
223,C:\Users\28693\Desktop\udp\frames_png\frame_000223.png,48:13.3,120,188,,,,,
224,C:\Users\28693\Desktop\udp\frames_png\frame_000224.png,48:13.3,120,188,,,,,
225,C:\Users\28693\Desktop\udp\frames_png\frame_000225.png,48:13.4,120,188,,,,,
226,C:\Users\28693\Desktop\udp\frames_png\frame_000226.png,48:13.4,120,188,,,,,
227,C:\Users\28693\Desktop\udp\frames_png\frame_000227.png,48:13.4,120,188,,,,,
228,C:\Users\28693\Desktop\udp\frames_png\frame_000228.png,48:13.5,120,188,,,,,
229,C:\Users\28693\Desktop\udp\frames_png\frame_000229.png,48:13.5,120,188,,,,,
230,C:\Users\28693\Desktop\udp\frames_png\frame_000230.png,48:13.5,120,188,,,,,
231,C:\Users\28693\Desktop\udp\frames_png\frame_000231.png,48:13.6,120,188,,,,,
232,C:\Users\28693\Desktop\udp\frames_png\frame_000232.png,48:13.6,120,188,,,,,
233,C:\Users\28693\Desktop\udp\frames_png\frame_000233.png,48:13.7,120,188,,,,,
234,C:\Users\28693\Desktop\udp\frames_png\frame_000234.png,48:13.7,120,188,,,,,
235,C:\Users\28693\Desktop\udp\frames_png\frame_000235.png,48:13.7,120,188,,,,,
236,C:\Users\28693\Desktop\udp\frames_png\frame_000236.png,48:13.8,120,188,,,,,
237,C:\Users\28693\Desktop\udp\frames_png\frame_000237.png,48:13.8,120,188,,,,,
238,C:\Users\28693\Desktop\udp\frames_png\frame_000238.png,48:13.9,120,188,,,,,
239,C:\Users\28693\Desktop\udp\frames_png\frame_000239.png,48:13.9,120,188,,,,,
240,C:\Users\28693\Desktop\udp\frames_png\frame_000240.png,48:13.9,120,188,,,,,
241,C:\Users\28693\Desktop\udp\frames_png\frame_000241.png,48:14.0,120,188,,,,,
242,C:\Users\28693\Desktop\udp\frames_png\frame_000242.png,48:14.0,120,188,,,,,
243,C:\Users\28693\Desktop\udp\frames_png\frame_000243.png,48:14.1,120,188,,,,,
244,C:\Users\28693\Desktop\udp\frames_png\frame_000244.png,48:14.1,120,188,,,,,
245,C:\Users\28693\Desktop\udp\frames_png\frame_000245.png,48:14.1,120,188,,,,,
246,C:\Users\28693\Desktop\udp\frames_png\frame_000246.png,48:14.1,120,188,,,,,
247,C:\Users\28693\Desktop\udp\frames_png\frame_000247.png,48:14.2,120,188,,,,,
248,C:\Users\28693\Desktop\udp\frames_png\frame_000248.png,48:14.3,120,188,,,,,
249,C:\Users\28693\Desktop\udp\frames_png\frame_000249.png,48:14.3,120,188,,,,,
250,C:\Users\28693\Desktop\udp\frames_png\frame_000250.png,48:14.3,120,188,,,,,
251,C:\Users\28693\Desktop\udp\frames_png\frame_000251.png,48:14.3,120,188,,,,,
252,C:\Users\28693\Desktop\udp\frames_png\frame_000252.png,48:14.3,120,188,,,,,
253,C:\Users\28693\Desktop\udp\frames_png\frame_000253.png,48:14.4,120,188,,,,,
254,C:\Users\28693\Desktop\udp\frames_png\frame_000254.png,48:14.5,120,188,,,,,
255,C:\Users\28693\Desktop\udp\frames_png\frame_000255.png,48:14.5,120,188,,,,,
256,C:\Users\28693\Desktop\udp\frames_png\frame_000256.png,48:14.5,120,188,,,,,
257,C:\Users\28693\Desktop\udp\frames_png\frame_000257.png,48:14.5,120,188,,,,,
258,C:\Users\28693\Desktop\udp\frames_png\frame_000258.png,48:14.6,120,188,,,,,
259,C:\Users\28693\Desktop\udp\frames_png\frame_000259.png,48:14.6,120,188,,,,,
260,C:\Users\28693\Desktop\udp\frames_png\frame_000260.png,48:14.7,120,188,,,,,
261,C:\Users\28693\Desktop\udp\frames_png\frame_000261.png,48:14.7,120,188,,,,,
262,C:\Users\28693\Desktop\udp\frames_png\frame_000262.png,48:14.8,120,188,,,,,
263,C:\Users\28693\Desktop\udp\frames_png\frame_000263.png,48:14.8,120,188,,,,,
264,C:\Users\28693\Desktop\udp\frames_png\frame_000264.png,48:14.8,120,188,,,,,
265,C:\Users\28693\Desktop\udp\frames_png\frame_000265.png,48:14.9,120,188,,,,,
266,C:\Users\28693\Desktop\udp\frames_png\frame_000266.png,48:14.9,120,188,,,,,
267,C:\Users\28693\Desktop\udp\frames_png\frame_000267.png,48:14.9,120,188,,,,,
268,C:\Users\28693\Desktop\udp\frames_png\frame_000268.png,48:15.0,120,188,,,,,
269,C:\Users\28693\Desktop\udp\frames_png\frame_000269.png,48:15.0,120,188,,,,,
270,C:\Users\28693\Desktop\udp\frames_png\frame_000270.png,48:15.0,120,188,,,,,
271,C:\Users\28693\Desktop\udp\frames_png\frame_000271.png,48:15.1,120,188,,,,,
272,C:\Users\28693\Desktop\udp\frames_png\frame_000272.png,48:15.1,120,188,,,,,
273,C:\Users\28693\Desktop\udp\frames_png\frame_000273.png,48:15.1,120,188,,,,,
274,C:\Users\28693\Desktop\udp\frames_png\frame_000274.png,48:15.2,120,188,,,,,
275,C:\Users\28693\Desktop\udp\frames_png\frame_000275.png,48:15.2,120,188,,,,,
276,C:\Users\28693\Desktop\udp\frames_png\frame_000276.png,48:15.2,120,188,,,,,
277,C:\Users\28693\Desktop\udp\frames_png\frame_000277.png,48:15.3,120,188,,,,,
278,C:\Users\28693\Desktop\udp\frames_png\frame_000278.png,48:15.3,120,188,,,,,
279,C:\Users\28693\Desktop\udp\frames_png\frame_000279.png,48:15.4,120,188,,,,,
280,C:\Users\28693\Desktop\udp\frames_png\frame_000280.png,48:15.4,120,188,,,,,
281,C:\Users\28693\Desktop\udp\frames_png\frame_000281.png,48:15.4,120,188,,,,,
282,C:\Users\28693\Desktop\udp\frames_png\frame_000282.png,48:15.5,120,188,,,,,
283,C:\Users\28693\Desktop\udp\frames_png\frame_000283.png,48:15.5,120,188,,,,,
284,C:\Users\28693\Desktop\udp\frames_png\frame_000284.png,48:15.5,120,188,,,,,
285,C:\Users\28693\Desktop\udp\frames_png\frame_000285.png,48:15.6,120,188,,,,,
286,C:\Users\28693\Desktop\udp\frames_png\frame_000286.png,48:15.6,120,188,,,,,
287,C:\Users\28693\Desktop\udp\frames_png\frame_000287.png,48:15.6,120,188,,,,,
288,C:\Users\28693\Desktop\udp\frames_png\frame_000288.png,48:15.7,120,188,,,,,
289,C:\Users\28693\Desktop\udp\frames_png\frame_000289.png,48:15.7,120,188,,,,,
290,C:\Users\28693\Desktop\udp\frames_png\frame_000290.png,48:15.7,120,188,,,,,
291,C:\Users\28693\Desktop\udp\frames_png\frame_000291.png,48:15.8,120,188,,,,,
292,C:\Users\28693\Desktop\udp\frames_png\frame_000292.png,48:15.8,120,188,,,,,
293,C:\Users\28693\Desktop\udp\frames_png\frame_000293.png,48:15.8,120,188,,,,,
294,C:\Users\28693\Desktop\udp\frames_png\frame_000294.png,48:15.9,120,188,,,,,
295,C:\Users\28693\Desktop\udp\frames_png\frame_000295.png,48:15.9,120,188,,,,,
296,C:\Users\28693\Desktop\udp\frames_png\frame_000296.png,48:15.9,120,188,,,,,
297,C:\Users\28693\Desktop\udp\frames_png\frame_000297.png,48:16.0,120,188,,,,,
298,C:\Users\28693\Desktop\udp\frames_png\frame_000298.png,48:16.0,120,188,,,,,
299,C:\Users\28693\Desktop\udp\frames_png\frame_000299.png,48:16.1,120,188,,,,,
300,C:\Users\28693\Desktop\udp\frames_png\frame_000300.png,48:16.1,120,188,,,,,
301,C:\Users\28693\Desktop\udp\frames_png\frame_000301.png,48:16.1,120,188,,,,,
302,C:\Users\28693\Desktop\udp\frames_png\frame_000302.png,48:16.2,120,188,,,,,
303,C:\Users\28693\Desktop\udp\frames_png\frame_000303.png,48:16.2,120,188,,,,,
304,C:\Users\28693\Desktop\udp\frames_png\frame_000304.png,48:16.2,120,188,,,,,
305,C:\Users\28693\Desktop\udp\frames_png\frame_000305.png,48:16.3,120,188,,,,,
306,C:\Users\28693\Desktop\udp\frames_png\frame_000306.png,48:16.3,120,188,,,,,
307,C:\Users\28693\Desktop\udp\frames_png\frame_000307.png,48:16.3,120,188,,,,,
308,C:\Users\28693\Desktop\udp\frames_png\frame_000308.png,48:16.4,120,188,,,,,
309,C:\Users\28693\Desktop\udp\frames_png\frame_000309.png,48:16.4,120,188,,,,,
310,C:\Users\28693\Desktop\udp\frames_png\frame_000310.png,48:16.4,120,188,,,,,
311,C:\Users\28693\Desktop\udp\frames_png\frame_000311.png,48:16.5,120,188,,,,,
312,C:\Users\28693\Desktop\udp\frames_png\frame_000312.png,48:16.5,120,188,,,,,
313,C:\Users\28693\Desktop\udp\frames_png\frame_000313.png,48:16.5,120,188,,,,,
314,C:\Users\28693\Desktop\udp\frames_png\frame_000314.png,48:16.6,120,188,,,,,
315,C:\Users\28693\Desktop\udp\frames_png\frame_000315.png,48:16.6,120,188,,,,,
316,C:\Users\28693\Desktop\udp\frames_png\frame_000316.png,48:16.7,120,188,,,,,
317,C:\Users\28693\Desktop\udp\frames_png\frame_000317.png,48:16.7,120,188,,,,,
318,C:\Users\28693\Desktop\udp\frames_png\frame_000318.png,48:16.7,120,188,,,,,
319,C:\Users\28693\Desktop\udp\frames_png\frame_000319.png,48:16.8,120,188,,,,,
320,C:\Users\28693\Desktop\udp\frames_png\frame_000320.png,48:16.8,120,188,,,,,
321,C:\Users\28693\Desktop\udp\frames_png\frame_000321.png,48:16.8,120,188,,,,,
322,C:\Users\28693\Desktop\udp\frames_png\frame_000322.png,48:16.9,120,188,,,,,
323,C:\Users\28693\Desktop\udp\frames_png\frame_000323.png,48:16.9,120,188,,,,,
324,C:\Users\28693\Desktop\udp\frames_png\frame_000324.png,48:16.9,120,188,,,,,
325,C:\Users\28693\Desktop\udp\frames_png\frame_000325.png,48:17.0,120,188,,,,,
326,C:\Users\28693\Desktop\udp\frames_png\frame_000326.png,48:17.0,120,188,,,,,
327,C:\Users\28693\Desktop\udp\frames_png\frame_000327.png,48:17.0,120,188,,,,,
328,C:\Users\28693\Desktop\udp\frames_png\frame_000328.png,48:17.1,120,188,,,,,
329,C:\Users\28693\Desktop\udp\frames_png\frame_000329.png,48:17.1,120,188,,,,,
330,C:\Users\28693\Desktop\udp\frames_png\frame_000330.png,48:17.1,120,188,,,,,
331,C:\Users\28693\Desktop\udp\frames_png\frame_000331.png,48:17.2,120,188,,,,,
332,C:\Users\28693\Desktop\udp\frames_png\frame_000332.png,48:17.2,120,188,,,,,
333,C:\Users\28693\Desktop\udp\frames_png\frame_000333.png,48:17.3,120,188,,,,,
334,C:\Users\28693\Desktop\udp\frames_png\frame_000334.png,48:17.3,120,188,,,,,
335,C:\Users\28693\Desktop\udp\frames_png\frame_000335.png,48:17.3,120,188,,,,,
336,C:\Users\28693\Desktop\udp\frames_png\frame_000336.png,48:17.4,120,188,,,,,
337,C:\Users\28693\Desktop\udp\frames_png\frame_000337.png,48:17.4,120,188,,,,,
338,C:\Users\28693\Desktop\udp\frames_png\frame_000338.png,48:17.4,120,188,,,,,
339,C:\Users\28693\Desktop\udp\frames_png\frame_000339.png,48:17.5,120,188,,,,,
340,C:\Users\28693\Desktop\udp\frames_png\frame_000340.png,48:17.5,120,188,,,,,
341,C:\Users\28693\Desktop\udp\frames_png\frame_000341.png,48:17.6,120,188,,,,,
342,C:\Users\28693\Desktop\udp\frames_png\frame_000342.png,48:17.6,120,188,,,,,
343,C:\Users\28693\Desktop\udp\frames_png\frame_000343.png,48:17.6,120,188,,,,,
344,C:\Users\28693\Desktop\udp\frames_png\frame_000344.png,48:17.7,120,188,,,,,
345,C:\Users\28693\Desktop\udp\frames_png\frame_000345.png,48:17.7,120,188,,,,,
346,C:\Users\28693\Desktop\udp\frames_png\frame_000346.png,48:17.7,120,188,,,,,
347,C:\Users\28693\Desktop\udp\frames_png\frame_000347.png,48:17.8,120,188,,,,,
348,C:\Users\28693\Desktop\udp\frames_png\frame_000348.png,48:17.8,120,188,,,,,
349,C:\Users\28693\Desktop\udp\frames_png\frame_000349.png,48:17.8,120,188,,,,,
350,C:\Users\28693\Desktop\udp\frames_png\frame_000350.png,48:17.9,120,188,,,,,
351,C:\Users\28693\Desktop\udp\frames_png\frame_000351.png,48:17.9,120,188,,,,,
352,C:\Users\28693\Desktop\udp\frames_png\frame_000352.png,48:17.9,120,188,,,,,
353,C:\Users\28693\Desktop\udp\frames_png\frame_000353.png,48:18.0,120,188,,,,,
354,C:\Users\28693\Desktop\udp\frames_png\frame_000354.png,48:18.0,120,188,,,,,
355,C:\Users\28693\Desktop\udp\frames_png\frame_000355.png,48:18.0,120,188,,,,,
356,C:\Users\28693\Desktop\udp\frames_png\frame_000356.png,48:18.1,120,188,,,,,
357,C:\Users\28693\Desktop\udp\frames_png\frame_000357.png,48:18.2,120,188,,,,,
358,C:\Users\28693\Desktop\udp\frames_png\frame_000358.png,48:18.2,120,188,,,,,
359,C:\Users\28693\Desktop\udp\frames_png\frame_000359.png,48:18.2,120,188,,,,,
360,C:\Users\28693\Desktop\udp\frames_png\frame_000360.png,48:18.2,120,188,,,,,
361,C:\Users\28693\Desktop\udp\frames_png\frame_000361.png,48:18.3,120,188,,,,,
362,C:\Users\28693\Desktop\udp\frames_png\frame_000362.png,48:18.3,120,188,,,,,
363,C:\Users\28693\Desktop\udp\frames_png\frame_000363.png,48:18.3,120,188,,,,,
364,C:\Users\28693\Desktop\udp\frames_png\frame_000364.png,48:18.4,120,188,,,,,
365,C:\Users\28693\Desktop\udp\frames_png\frame_000365.png,48:18.4,120,188,,,,,
366,C:\Users\28693\Desktop\udp\frames_png\frame_000366.png,48:18.5,120,188,,,,,
367,C:\Users\28693\Desktop\udp\frames_png\frame_000367.png,48:18.5,120,188,,,,,
368,C:\Users\28693\Desktop\udp\frames_png\frame_000368.png,48:18.6,120,188,,,,,
369,C:\Users\28693\Desktop\udp\frames_png\frame_000369.png,48:18.6,120,188,,,,,
370,C:\Users\28693\Desktop\udp\frames_png\frame_000370.png,48:18.6,120,188,,,,,
371,C:\Users\28693\Desktop\udp\frames_png\frame_000371.png,48:18.7,120,188,,,,,
372,C:\Users\28693\Desktop\udp\frames_png\frame_000372.png,48:18.7,120,188,,,,,
373,C:\Users\28693\Desktop\udp\frames_png\frame_000373.png,48:18.7,120,188,,,,,
374,C:\Users\28693\Desktop\udp\frames_png\frame_000374.png,48:18.8,120,188,,,,,
375,C:\Users\28693\Desktop\udp\frames_png\frame_000375.png,48:18.8,120,188,,,,,
376,C:\Users\28693\Desktop\udp\frames_png\frame_000376.png,48:18.9,120,188,,,,,
377,C:\Users\28693\Desktop\udp\frames_png\frame_000377.png,48:18.9,120,188,,,,,
378,C:\Users\28693\Desktop\udp\frames_png\frame_000378.png,48:18.9,120,188,,,,,
379,C:\Users\28693\Desktop\udp\frames_png\frame_000379.png,48:18.9,120,188,,,,,
380,C:\Users\28693\Desktop\udp\frames_png\frame_000380.png,48:19.0,120,188,,,,,
381,C:\Users\28693\Desktop\udp\frames_png\frame_000381.png,48:19.0,120,188,,,,,
382,C:\Users\28693\Desktop\udp\frames_png\frame_000382.png,48:19.1,120,188,,,,,
383,C:\Users\28693\Desktop\udp\frames_png\frame_000383.png,48:19.1,120,188,,,,,
384,C:\Users\28693\Desktop\udp\frames_png\frame_000384.png,48:19.1,120,188,,,,,
385,C:\Users\28693\Desktop\udp\frames_png\frame_000385.png,48:19.2,120,188,,,,,
386,C:\Users\28693\Desktop\udp\frames_png\frame_000386.png,48:19.2,120,188,,,,,
387,C:\Users\28693\Desktop\udp\frames_png\frame_000387.png,48:19.2,120,188,,,,,
388,C:\Users\28693\Desktop\udp\frames_png\frame_000388.png,48:19.3,120,188,,,,,
389,C:\Users\28693\Desktop\udp\frames_png\frame_000389.png,48:19.3,120,188,,,,,
390,C:\Users\28693\Desktop\udp\frames_png\frame_000390.png,48:19.4,120,188,,,,,
391,C:\Users\28693\Desktop\udp\frames_png\frame_000391.png,48:19.4,120,188,,,,,
392,C:\Users\28693\Desktop\udp\frames_png\frame_000392.png,48:19.4,120,188,,,,,
393,C:\Users\28693\Desktop\udp\frames_png\frame_000393.png,48:19.5,120,188,,,,,
394,C:\Users\28693\Desktop\udp\frames_png\frame_000394.png,48:19.5,120,188,,,,,
395,C:\Users\28693\Desktop\udp\frames_png\frame_000395.png,48:19.5,120,188,,,,,
396,C:\Users\28693\Desktop\udp\frames_png\frame_000396.png,48:19.6,120,188,,,,,
397,C:\Users\28693\Desktop\udp\frames_png\frame_000397.png,48:19.6,120,188,,,,,
398,C:\Users\28693\Desktop\udp\frames_png\frame_000398.png,48:19.6,120,188,,,,,
399,C:\Users\28693\Desktop\udp\frames_png\frame_000399.png,48:19.7,120,188,,,,,
400,C:\Users\28693\Desktop\udp\frames_png\frame_000400.png,48:19.7,120,188,,,,,
401,C:\Users\28693\Desktop\udp\frames_png\frame_000401.png,48:19.7,120,188,,,,,
402,C:\Users\28693\Desktop\udp\frames_png\frame_000402.png,48:19.8,120,188,,,,,
403,C:\Users\28693\Desktop\udp\frames_png\frame_000403.png,48:19.8,120,188,,,,,
404,C:\Users\28693\Desktop\udp\frames_png\frame_000404.png,48:19.8,120,188,,,,,
405,C:\Users\28693\Desktop\udp\frames_png\frame_000405.png,48:19.9,120,188,,,,,
406,C:\Users\28693\Desktop\udp\frames_png\frame_000406.png,48:19.9,120,188,,,,,
407,C:\Users\28693\Desktop\udp\frames_png\frame_000407.png,48:20.0,120,188,,,,,
408,C:\Users\28693\Desktop\udp\frames_png\frame_000408.png,48:20.0,120,188,,,,,
409,C:\Users\28693\Desktop\udp\frames_png\frame_000409.png,48:20.0,120,188,,,,,
410,C:\Users\28693\Desktop\udp\frames_png\frame_000410.png,48:20.1,120,188,,,,,
411,C:\Users\28693\Desktop\udp\frames_png\frame_000411.png,48:20.1,120,188,,,,,
412,C:\Users\28693\Desktop\udp\frames_png\frame_000412.png,48:20.1,120,188,,,,,
413,C:\Users\28693\Desktop\udp\frames_png\frame_000413.png,48:20.2,120,188,,,,,
414,C:\Users\28693\Desktop\udp\frames_png\frame_000414.png,48:20.2,120,188,,,,,
415,C:\Users\28693\Desktop\udp\frames_png\frame_000415.png,48:20.2,120,188,,,,,
416,C:\Users\28693\Desktop\udp\frames_png\frame_000416.png,48:20.3,120,188,,,,,
417,C:\Users\28693\Desktop\udp\frames_png\frame_000417.png,48:20.3,120,188,,,,,
418,C:\Users\28693\Desktop\udp\frames_png\frame_000418.png,48:20.3,120,188,,,,,
419,C:\Users\28693\Desktop\udp\frames_png\frame_000419.png,48:20.4,120,188,,,,,
420,C:\Users\28693\Desktop\udp\frames_png\frame_000420.png,48:20.4,120,188,,,,,
421,C:\Users\28693\Desktop\udp\frames_png\frame_000421.png,48:20.4,120,188,,,,,
422,C:\Users\28693\Desktop\udp\frames_png\frame_000422.png,48:20.5,120,188,,,,,
423,C:\Users\28693\Desktop\udp\frames_png\frame_000423.png,48:20.5,120,188,,,,,
424,C:\Users\28693\Desktop\udp\frames_png\frame_000424.png,48:20.5,120,188,,,,,
425,C:\Users\28693\Desktop\udp\frames_png\frame_000425.png,48:20.6,120,188,,,,,
426,C:\Users\28693\Desktop\udp\frames_png\frame_000426.png,48:20.6,120,188,,,,,
427,C:\Users\28693\Desktop\udp\frames_png\frame_000427.png,48:20.7,120,188,,,,,
428,C:\Users\28693\Desktop\udp\frames_png\frame_000428.png,48:20.7,120,188,,,,,
429,C:\Users\28693\Desktop\udp\frames_png\frame_000429.png,48:20.7,120,188,,,,,
430,C:\Users\28693\Desktop\udp\frames_png\frame_000430.png,48:20.8,120,188,,,,,
431,C:\Users\28693\Desktop\udp\frames_png\frame_000431.png,48:20.8,120,188,,,,,
432,C:\Users\28693\Desktop\udp\frames_png\frame_000432.png,48:20.8,120,188,,,,,
433,C:\Users\28693\Desktop\udp\frames_png\frame_000433.png,48:20.9,120,188,,,,,
434,C:\Users\28693\Desktop\udp\frames_png\frame_000434.png,48:20.9,120,188,,,,,
435,C:\Users\28693\Desktop\udp\frames_png\frame_000435.png,48:20.9,120,188,,,,,
436,C:\Users\28693\Desktop\udp\frames_png\frame_000436.png,48:21.0,120,188,,,,,
437,C:\Users\28693\Desktop\udp\frames_png\frame_000437.png,48:21.0,120,188,,,,,
438,C:\Users\28693\Desktop\udp\frames_png\frame_000438.png,48:21.0,120,188,,,,,
439,C:\Users\28693\Desktop\udp\frames_png\frame_000439.png,48:21.1,120,188,,,,,
440,C:\Users\28693\Desktop\udp\frames_png\frame_000440.png,48:21.1,120,188,,,,,
441,C:\Users\28693\Desktop\udp\frames_png\frame_000441.png,48:21.1,120,188,,,,,
442,C:\Users\28693\Desktop\udp\frames_png\frame_000442.png,48:21.2,120,188,,,,,
443,C:\Users\28693\Desktop\udp\frames_png\frame_000443.png,48:21.2,120,188,,,,,
444,C:\Users\28693\Desktop\udp\frames_png\frame_000444.png,48:21.3,120,188,,,,,
445,C:\Users\28693\Desktop\udp\frames_png\frame_000445.png,48:21.3,120,188,,,,,
446,C:\Users\28693\Desktop\udp\frames_png\frame_000446.png,48:21.3,120,188,,,,,
447,C:\Users\28693\Desktop\udp\frames_png\frame_000447.png,48:21.4,120,188,,,,,
448,C:\Users\28693\Desktop\udp\frames_png\frame_000448.png,48:21.4,120,188,,,,,
449,C:\Users\28693\Desktop\udp\frames_png\frame_000449.png,48:21.4,120,188,,,,,
450,C:\Users\28693\Desktop\udp\frames_png\frame_000450.png,48:21.5,120,188,,,,,
451,C:\Users\28693\Desktop\udp\frames_png\frame_000451.png,48:21.5,120,188,,,,,
452,C:\Users\28693\Desktop\udp\frames_png\frame_000452.png,48:21.5,120,188,,,,,
453,C:\Users\28693\Desktop\udp\frames_png\frame_000453.png,48:21.6,120,188,,,,,
454,C:\Users\28693\Desktop\udp\frames_png\frame_000454.png,48:21.6,120,188,,,,,
455,C:\Users\28693\Desktop\udp\frames_png\frame_000455.png,48:21.6,120,188,,,,,
456,C:\Users\28693\Desktop\udp\frames_png\frame_000456.png,48:21.7,120,188,,,,,
457,C:\Users\28693\Desktop\udp\frames_png\frame_000457.png,48:21.7,120,188,,,,,
458,C:\Users\28693\Desktop\udp\frames_png\frame_000458.png,48:21.8,120,188,,,,,
459,C:\Users\28693\Desktop\udp\frames_png\frame_000459.png,48:21.8,120,188,,,,,
460,C:\Users\28693\Desktop\udp\frames_png\frame_000460.png,48:21.8,120,188,,,,,
461,C:\Users\28693\Desktop\udp\frames_png\frame_000461.png,48:21.9,120,188,,,,,
462,C:\Users\28693\Desktop\udp\frames_png\frame_000462.png,48:21.9,120,188,,,,,
463,C:\Users\28693\Desktop\udp\frames_png\frame_000463.png,48:21.9,120,188,,,,,
464,C:\Users\28693\Desktop\udp\frames_png\frame_000464.png,48:22.0,120,188,,,,,
465,C:\Users\28693\Desktop\udp\frames_png\frame_000465.png,48:22.0,120,188,,,,,
466,C:\Users\28693\Desktop\udp\frames_png\frame_000466.png,48:22.1,120,188,,,,,
467,C:\Users\28693\Desktop\udp\frames_png\frame_000467.png,48:22.1,120,188,,,,,
468,C:\Users\28693\Desktop\udp\frames_png\frame_000468.png,48:22.1,120,188,,,,,
469,C:\Users\28693\Desktop\udp\frames_png\frame_000469.png,48:22.2,120,188,,,,,
470,C:\Users\28693\Desktop\udp\frames_png\frame_000470.png,48:22.2,120,188,,,,,
471,C:\Users\28693\Desktop\udp\frames_png\frame_000471.png,48:22.2,120,188,,,,,
472,C:\Users\28693\Desktop\udp\frames_png\frame_000472.png,48:22.3,120,188,,,,,
473,C:\Users\28693\Desktop\udp\frames_png\frame_000473.png,48:22.3,120,188,,,,,
474,C:\Users\28693\Desktop\udp\frames_png\frame_000474.png,48:22.3,120,188,,,,,
475,C:\Users\28693\Desktop\udp\frames_png\frame_000475.png,48:22.4,120,188,,,,,
476,C:\Users\28693\Desktop\udp\frames_png\frame_000476.png,48:22.4,120,188,,,,,
477,C:\Users\28693\Desktop\udp\frames_png\frame_000477.png,48:22.4,120,188,,,,,
478,C:\Users\28693\Desktop\udp\frames_png\frame_000478.png,48:22.5,120,188,,,,,
479,C:\Users\28693\Desktop\udp\frames_png\frame_000479.png,48:22.5,120,188,,,,,
480,C:\Users\28693\Desktop\udp\frames_png\frame_000480.png,48:22.5,120,188,,,,,
481,C:\Users\28693\Desktop\udp\frames_png\frame_000481.png,48:22.6,120,188,,,,,
482,C:\Users\28693\Desktop\udp\frames_png\frame_000482.png,48:22.6,120,188,,,,,
483,C:\Users\28693\Desktop\udp\frames_png\frame_000483.png,48:22.7,120,188,,,,,
484,C:\Users\28693\Desktop\udp\frames_png\frame_000484.png,48:22.7,120,188,,,,,
485,C:\Users\28693\Desktop\udp\frames_png\frame_000485.png,48:22.8,120,188,,,,,
486,C:\Users\28693\Desktop\udp\frames_png\frame_000486.png,48:22.8,120,188,,,,,
487,C:\Users\28693\Desktop\udp\frames_png\frame_000487.png,48:22.8,120,188,,,,,
488,C:\Users\28693\Desktop\udp\frames_png\frame_000488.png,48:22.8,120,188,,,,,
489,C:\Users\28693\Desktop\udp\frames_png\frame_000489.png,48:22.9,120,188,,,,,
490,C:\Users\28693\Desktop\udp\frames_png\frame_000490.png,48:22.9,120,188,,,,,
491,C:\Users\28693\Desktop\udp\frames_png\frame_000491.png,48:22.9,120,188,,,,,
492,C:\Users\28693\Desktop\udp\frames_png\frame_000492.png,48:23.0,120,188,,,,,
493,C:\Users\28693\Desktop\udp\frames_png\frame_000493.png,48:23.0,120,188,,,,,
494,C:\Users\28693\Desktop\udp\frames_png\frame_000494.png,48:23.1,120,188,,,,,
495,C:\Users\28693\Desktop\udp\frames_png\frame_000495.png,48:23.1,120,188,,,,,
496,C:\Users\28693\Desktop\udp\frames_png\frame_000496.png,48:23.2,120,188,,,,,
497,C:\Users\28693\Desktop\udp\frames_png\frame_000497.png,48:23.2,120,188,,,,,
498,C:\Users\28693\Desktop\udp\frames_png\frame_000498.png,48:23.2,120,188,,,,,
499,C:\Users\28693\Desktop\udp\frames_png\frame_000499.png,48:23.3,120,188,,,,,
500,C:\Users\28693\Desktop\udp\frames_png\frame_000500.png,48:23.3,120,188,,,,,
501,C:\Users\28693\Desktop\udp\frames_png\frame_000501.png,48:23.4,120,188,,,,,
502,C:\Users\28693\Desktop\udp\frames_png\frame_000502.png,48:23.4,120,188,,,,,
503,C:\Users\28693\Desktop\udp\frames_png\frame_000503.png,48:23.4,120,188,,,,,
504,C:\Users\28693\Desktop\udp\frames_png\frame_000504.png,48:23.5,120,188,,,,,
505,C:\Users\28693\Desktop\udp\frames_png\frame_000505.png,48:23.5,120,188,,,,,
506,C:\Users\28693\Desktop\udp\frames_png\frame_000506.png,48:23.5,120,188,,,,,
507,C:\Users\28693\Desktop\udp\frames_png\frame_000507.png,48:23.6,120,188,,,,,
508,C:\Users\28693\Desktop\udp\frames_png\frame_000508.png,48:23.6,120,188,,,,,
509,C:\Users\28693\Desktop\udp\frames_png\frame_000509.png,48:23.6,120,188,,,,,
510,C:\Users\28693\Desktop\udp\frames_png\frame_000510.png,48:23.6,120,188,,,,,
511,C:\Users\28693\Desktop\udp\frames_png\frame_000511.png,48:23.7,120,188,,,,,
512,C:\Users\28693\Desktop\udp\frames_png\frame_000512.png,48:23.7,120,188,,,,,
513,C:\Users\28693\Desktop\udp\frames_png\frame_000513.png,48:23.8,120,188,,,,,
514,C:\Users\28693\Desktop\udp\frames_png\frame_000514.png,48:23.8,120,188,,,,,
515,C:\Users\28693\Desktop\udp\frames_png\frame_000515.png,48:23.8,120,188,,,,,
516,C:\Users\28693\Desktop\udp\frames_png\frame_000516.png,48:23.9,120,188,,,,,
517,C:\Users\28693\Desktop\udp\frames_png\frame_000517.png,48:23.9,120,188,,,,,
518,C:\Users\28693\Desktop\udp\frames_png\frame_000518.png,48:24.0,120,188,,,,,
519,C:\Users\28693\Desktop\udp\frames_png\frame_000519.png,48:24.0,120,188,,,,,
520,C:\Users\28693\Desktop\udp\frames_png\frame_000520.png,48:24.0,120,188,,,,,
521,C:\Users\28693\Desktop\udp\frames_png\frame_000521.png,48:24.1,120,188,,,,,
522,C:\Users\28693\Desktop\udp\frames_png\frame_000522.png,48:24.1,120,188,,,,,
523,C:\Users\28693\Desktop\udp\frames_png\frame_000523.png,48:24.1,120,188,,,,,
524,C:\Users\28693\Desktop\udp\frames_png\frame_000524.png,48:24.2,120,188,,,,,
525,C:\Users\28693\Desktop\udp\frames_png\frame_000525.png,48:24.2,120,188,,,,,
526,C:\Users\28693\Desktop\udp\frames_png\frame_000526.png,48:24.2,120,188,,,,,
527,C:\Users\28693\Desktop\udp\frames_png\frame_000527.png,48:24.3,120,188,,,,,
528,C:\Users\28693\Desktop\udp\frames_png\frame_000528.png,48:24.3,120,188,,,,,
529,C:\Users\28693\Desktop\udp\frames_png\frame_000529.png,48:24.3,120,188,,,,,
530,C:\Users\28693\Desktop\udp\frames_png\frame_000530.png,48:24.4,120,188,,,,,
531,C:\Users\28693\Desktop\udp\frames_png\frame_000531.png,48:24.4,120,188,,,,,
532,C:\Users\28693\Desktop\udp\frames_png\frame_000532.png,48:24.4,120,188,,,,,
533,C:\Users\28693\Desktop\udp\frames_png\frame_000533.png,48:24.5,120,188,,,,,
534,C:\Users\28693\Desktop\udp\frames_png\frame_000534.png,48:24.5,120,188,,,,,
535,C:\Users\28693\Desktop\udp\frames_png\frame_000535.png,48:24.5,120,188,,,,,
536,C:\Users\28693\Desktop\udp\frames_png\frame_000536.png,48:24.6,120,188,,,,,
537,C:\Users\28693\Desktop\udp\frames_png\frame_000537.png,48:24.6,120,188,,,,,
538,C:\Users\28693\Desktop\udp\frames_png\frame_000538.png,48:24.7,120,188,,,,,
539,C:\Users\28693\Desktop\udp\frames_png\frame_000539.png,48:24.7,120,188,,,,,
540,C:\Users\28693\Desktop\udp\frames_png\frame_000540.png,48:24.7,120,188,,,,,
541,C:\Users\28693\Desktop\udp\frames_png\frame_000541.png,48:24.8,120,188,,,,,
542,C:\Users\28693\Desktop\udp\frames_png\frame_000542.png,48:24.8,120,188,,,,,
543,C:\Users\28693\Desktop\udp\frames_png\frame_000543.png,48:24.8,120,188,,,,,
544,C:\Users\28693\Desktop\udp\frames_png\frame_000544.png,48:24.9,120,188,,,,,
545,C:\Users\28693\Desktop\udp\frames_png\frame_000545.png,48:24.9,120,188,,,,,
546,C:\Users\28693\Desktop\udp\frames_png\frame_000546.png,48:24.9,120,188,,,,,
547,C:\Users\28693\Desktop\udp\frames_png\frame_000547.png,48:25.0,120,188,,,,,
